mode,total_seconds,iterations,final_gap
label,419.055383,10000,9.12175680206037e-05
heap,401.428713,10000,9.314710066443411e-05
